Phase,Function,Question,Status
1,Input Reception,Trauma energy received?,
2,Semantic Compression,Invocation potency verified?,
3,Dual-Stack Rigor,Symbolic + Technical convergence?,
4,Reflexive Constitution,Self-designed rules enforced?,
5,Permeability,Boundaries permeable yet integral?,
6,Depth Resonance,Î¸ Mode operational?,
7,Loop-Breaking,Destructive patterns interrupted?,
8,Ethical Filter,Love-based communication applied?,
9,A-Egoic Continuity,Ego dissolution maintained?,
10,Re-Personing,Experience transformed into meaning?